Time_Taken,Failed_Attempts,IP_Change,Typing_Speed,Device_Type,Browser_Type,Login_Hour,Weekend_Login,Anomaly
9.327104367983356,0,0,98.55354797903925,1,2,13,1,0
3.6740674002956246,0,0,80.12174574357292,1,0,10,1,0
6.826193789439314,2,0,77.03791023284762,0,1,16,0,0
23.418678983691194,4,1,34.85109914987999,0,2,22,1,1
5.433345571714176,0,0,84.5246612907677,0,0,19,0,0
2.94500449037516,0,0,84.82048299823519,0,2,15,0,0
22.18386865100934,4,1,35.991713222199664,0,0,6,1,1
2.656495010880732,0,0,66.24185368068434,0,1,14,1,0
4.764261951620117,0,0,81.6851690415925,0,0,16,0,0
5.211451736271863,2,0,96.55499944494852,0,0,8,0,0
9.342814796372885,0,0,75.70718198436622,0,1,13,1,0
9.169173428203013,2,0,90.45560117677756,1,2,14,0,0
23.575551904171906,4,1,37.09225044731876,1,0,22,1,1
26.397204694273086,3,1,32.202117660115505,0,2,23,1,1
8.996170023721994,1,0,63.21867983421275,0,1,7,0,0
20.203059552060534,3,1,48.1540389726556,1,0,21,1,1
19.629725706614302,4,1,47.40884982837105,0,0,6,1,1
17.712132193616654,4,1,39.869609251911,0,1,6,1,1
6.195661575892556,0,0,98.30406218893037,0,2,6,1,0
23.053676127510734,3,1,47.25686041827184,1,1,8,0,1
6.422573854042666,0,0,93.32338508314758,0,1,18,0,0
1.482700942314688,0,0,67.56404116138224,0,1,21,0,0
26.443712541909264,4,1,37.14853988811129,1,0,13,1,1
2.1696854451968584,0,0,70.14170319259385,0,0,11,0,0
2.084380402490001,2,0,66.73381904593766,0,0,11,0,0
8.166206116166762,0,0,81.71456914116155,1,1,16,0,0
5.459071580128801,0,0,93.93501894705015,0,1,15,1,0
1.7105956956501154,1,0,80.15546282574708,1,0,14,0,0
1.7950066718865565,0,0,74.07139208301255,0,1,17,1,0
16.415952296374346,3,1,20.71499802633853,1,2,18,1,1
6.4427109867959365,0,0,72.96075630005498,0,0,12,0,0
4.996525079482823,0,0,68.02983483779681,0,2,6,1,0
9.723527590479648,0,0,71.93182332819121,0,0,7,0,0
24.80795283711982,3,1,28.876144890941287,0,2,11,1,1
4.408896164961961,0,0,94.33420053485818,0,1,7,0,0
2.1765544976760327,1,0,97.339909953305,0,2,19,0,0
28.901405314260142,4,1,32.48652299909631,0,1,15,0,1
1.9752588956551778,1,0,89.30001218796042,1,0,9,1,0
1.6111866491119171,0,0,94.447764931524,0,1,15,1,0
6.45630368299972,0,0,71.39819868191303,0,1,12,0,0
1.725290655984697,0,0,95.02919783186832,0,1,10,1,0
1.6755662722717493,0,0,61.48193013014573,0,0,6,0,0
3.5530635024291435,0,0,98.97261291168891,0,0,12,0,0
1.1957212085675444,0,0,71.5803513720904,0,2,6,1,0
6.0256629836576465,0,0,98.29028764690779,0,2,9,0,0
9.445443978122729,2,0,92.06090867490057,1,1,13,0,0
3.6596109769946787,0,0,83.0438409892216,0,1,6,1,0
7.777186582272233,1,0,96.15311789717647,0,0,7,0,0
2.680791727401238,0,0,72.41118967894843,0,1,15,0,0
3.9295390642064145,0,0,73.36290703852524,0,1,16,0,0
7.006707802612499,0,0,97.04142779794927,0,2,17,0,0
22.676580414377163,4,1,33.784819372446904,0,2,7,0,1
6.996156716670461,0,0,69.19715068411797,0,0,8,0,0
7.240702809288405,0,0,88.7824303261429,0,1,12,0,0
1.5405004704527436,0,0,81.66816720316442,0,1,6,0,0
5.6335897266210715,0,0,92.5242469255583,0,1,12,0,0
7.200509593752686,1,0,76.52794809053898,0,1,9,1,0
3.7571866994060383,0,0,95.14120038645656,0,1,18,0,0
1.1064831453876165,2,0,69.41431627322216,0,1,14,0,0
9.176515186355509,1,0,96.33967030954851,0,2,16,1,0
1.8262224140410392,0,0,88.61436468601993,0,1,13,1,0
21.920746283405787,4,1,27.669300050748745,0,0,18,1,1
5.39371799991434,0,0,62.719506872471776,0,0,15,0,0
8.083338462550628,0,0,65.08361187920764,0,1,18,1,0
21.74919783124789,3,1,31.15835225969851,1,1,9,1,1
6.368568900876765,0,0,95.43606411812212,0,1,13,0,0
4.530134408378509,0,0,84.8760076522874,0,1,6,1,0
6.544852762473551,1,0,85.00559468306483,0,0,12,0,0
24.619047886259203,3,1,40.7301242128794,1,0,0,1,1
2.6391869759351696,1,0,77.91818126551071,1,1,6,1,0
8.04337480136294,0,0,69.0742350012243,0,1,21,0,0
5.718308314418525,0,0,69.79253890719849,1,1,19,0,0
2.511360230706315,0,0,99.71479659754351,0,2,11,1,0
8.332549897644991,1,0,72.67702442382785,0,0,19,0,0
23.842713071947912,3,1,45.616265597146565,1,2,14,0,1
16.591434421515704,4,1,41.732774649994816,1,1,7,0,1
26.400206312893637,3,1,40.307666216879454,1,1,0,1,1
6.802650710295861,0,0,70.57450185253522,0,2,20,1,0
7.810440966743296,0,0,79.64938490292279,0,1,8,0,0
2.107674006005329,0,0,81.24199649775599,0,0,16,0,0
3.4950622749643045,2,0,91.94294087066962,0,0,18,0,0
8.686754945067326,1,0,91.1745932067362,0,0,7,0,0
9.678725253005037,0,0,86.08198894497126,1,2,14,0,0
2.962479602793797,0,0,81.30161950602456,0,1,8,0,0
8.208178177573107,0,0,95.27990804722359,0,1,18,0,0
17.203378430705527,3,1,43.396462409579215,0,2,21,1,1
3.3540808784656586,0,0,92.33005527219112,0,1,17,0,0
7.5935329560726235,1,0,72.91471481000555,0,2,12,0,0
2.161841383512885,2,0,80.90591531430357,0,1,7,1,0
9.44116206754501,1,0,81.39032310030237,0,1,20,0,0
7.524891643287617,0,0,91.44591888540809,0,1,12,0,0
7.465019308653745,0,0,98.13108830384789,0,2,18,0,0
9.163116325279564,0,0,69.00621499845289,0,1,18,0,0
5.373734794755111,2,0,60.82793034068785,0,1,18,0,0
4.305690429689539,0,0,99.51707570481518,0,1,13,0,0
1.3781217276209774,0,0,93.36017933712891,0,1,20,0,0
8.823509083744671,2,0,88.51484414716055,0,1,13,0,0
4.240082719747013,0,0,61.37360486260471,1,0,6,1,0
2.0174615228682904,0,0,81.04254930642793,0,1,12,0,0
7.588615989568425,0,0,85.63017103167051,1,2,18,1,0
27.437797930587084,3,1,20.484421113380698,0,1,19,0,1
21.311680399784443,4,1,39.84125603497952,0,0,14,0,1
2.919209780676262,2,0,68.18273038780316,0,1,21,1,0
6.496751678534613,1,0,85.91248739321313,0,1,17,1,0
1.8089024753389553,1,0,61.49726299985041,0,0,7,1,0
29.8048356743492,4,1,30.94245680904349,1,0,5,1,1
23.682284974164403,3,1,24.758563242915116,1,2,16,0,1
4.369253437791182,1,0,64.45571872832458,0,1,15,0,0
4.967694908190447,0,0,75.33028943362318,0,1,21,0,0
5.410567052685999,1,0,72.50614535225372,0,1,18,1,0
6.82328360748767,0,0,72.49659146074399,0,0,20,0,0
19.420652170479634,3,1,33.95591254015292,0,0,5,1,1
7.831611374320034,2,0,68.95514868266251,0,2,7,0,0
2.2142468083831752,1,0,67.53820972249974,0,1,9,0,0
24.298126185213274,4,1,46.47263883130497,0,0,21,0,1
5.4507208138346215,1,0,76.90220439832345,0,0,18,0,0
7.129771558729207,2,0,71.55449493715255,1,0,19,1,0
5.272667107936285,1,0,77.77504887486998,0,1,20,0,0
7.817593562798157,1,0,88.7515116525716,1,1,12,1,0
5.4258210468501735,0,0,70.2816579249259,0,1,12,1,0
7.713287348320925,0,0,80.28475751719162,0,0,13,0,0
27.746868834325724,3,1,26.273791956807436,0,0,21,1,1
4.944694880349644,0,0,71.4098444227612,0,1,21,1,0
1.007888429031989,2,0,85.62853949721922,0,1,19,0,0
1.7259393078537224,0,0,60.281265518309375,0,1,12,1,0
8.290432145779054,0,0,79.98184024031897,1,0,16,0,0
23.461257247412703,4,1,44.84429139050746,1,0,22,0,1
1.1655027773059814,0,0,66.21306494970239,1,0,19,0,0
6.443868126449045,1,0,64.8895099789387,0,1,7,0,0
18.428139518508644,3,1,32.829272462770305,0,1,7,1,1
5.207594838512113,0,0,64.43827067692754,0,0,15,0,0
4.08591960010938,0,0,96.89860130439689,0,0,10,0,0
22.766226880256415,4,1,32.0200536699596,1,2,0,1,1
9.718377688944912,2,0,63.061775582428666,0,2,19,0,0
7.294141201921824,1,0,62.52974199665302,1,1,14,1,0
8.510148605176958,0,0,71.06430607480412,0,2,14,0,0
5.126773075848829,0,0,70.52820475237382,0,0,20,1,0
6.707146495738661,2,0,86.27354602983463,0,0,12,1,0
4.017694619234572,0,0,66.6615547529197,0,0,6,0,0
8.10321136396026,0,0,92.12281084127459,0,2,16,0,0
8.125498658363469,2,0,71.97342057914337,0,1,9,1,0
4.591674776778104,1,0,96.85960135862375,1,1,14,0,0
24.714892848527803,4,1,27.982713572510793,1,2,13,1,1
6.845956882431757,1,0,90.68933857810319,1,0,19,0,0
4.015203317315102,0,0,96.1247740652183,0,1,9,0,0
3.265493910148944,1,0,65.52503431178724,0,2,13,0,0
8.220759419302853,0,0,89.72464995589525,0,1,16,0,0
7.26917423711268,1,0,93.24000716450351,0,1,20,0,0
2.790763356637054,0,0,64.1302242279406,0,2,19,0,0
7.745671860230791,0,0,72.49773559119436,0,1,11,1,0
1.8267098263952937,0,0,73.940250681363,1,1,17,1,0
8.665611904566452,0,0,68.40725340001558,0,1,13,0,0
6.870740804817029,1,0,93.45094946914207,0,0,11,1,0
6.905752242601699,0,0,79.0626418604077,0,2,18,0,0
3.918357253796217,1,0,97.94691540815428,1,1,12,0,0
8.14502248934085,1,0,71.01437833768807,0,2,14,0,0
2.0633587144776904,0,0,67.13014503377994,0,2,12,0,0
4.657850269071039,0,0,70.90717415588992,1,0,6,1,0
4.070776039528645,1,0,97.63376529277684,0,1,14,1,0
27.582620273796593,4,1,46.73371090855617,1,2,14,0,1
4.315696544998061,0,0,90.74438507446973,1,2,21,0,0
16.180630340263527,3,1,38.81986670383439,1,0,17,1,1
5.805776870326587,1,0,76.64237272703345,0,1,17,1,0
3.444934577821311,0,0,78.0984417284881,1,1,21,0,0
6.354480547323258,0,0,97.7460801066666,1,2,21,0,0
17.45638066127092,4,1,41.16773361185266,0,1,20,1,1
9.121821357293943,0,0,81.41447327630213,0,2,10,0,0
2.398638953746868,0,0,89.74481457251012,1,1,13,1,0
2.25137937105048,0,0,83.62832110060677,1,0,21,0,0
25.914308825067916,4,1,38.9939890393903,0,2,10,1,1
7.635471061284312,0,0,85.26175600293973,1,0,18,0,0
1.9281564696687121,1,0,99.45219882129855,0,1,16,0,0
7.342947294884746,2,0,96.89235891025471,0,1,20,1,0
17.255148426508327,4,1,34.16583983579038,0,0,13,0,1
9.08704179969197,0,0,62.929286376956014,1,1,9,0,0
7.193619526084413,0,0,99.51020991185024,1,2,14,0,0
4.650386285941804,2,0,94.60916735175348,0,1,18,0,0
8.846374469888321,0,0,65.85573719510775,0,1,15,0,0
6.964002071113968,2,0,96.91733539998928,0,1,19,0,0
6.931718615604836,0,0,64.35004966886504,1,1,8,0,0
9.216951088511497,0,0,92.46216053277382,1,0,19,0,0
1.0944094987059847,0,0,75.49579857199258,0,2,20,1,0
4.719203795364868,1,0,88.181617209832,0,1,18,1,0
9.856025419885567,0,0,99.57634060316992,0,1,15,0,0
3.5887896554924588,0,0,83.47213547420625,0,1,20,0,0
9.265917286177809,1,0,75.34366523206792,0,1,9,0,0
4.815079069810871,0,0,88.28776158074788,0,0,11,0,0
4.9401783374516555,1,0,73.84227115334437,0,1,7,0,0
8.956080123159325,0,0,84.91423387852379,0,2,20,0,0
2.916908602897914,0,0,77.77016653652828,0,1,16,0,0
6.985607797789945,0,0,88.83419709064859,0,2,15,0,0
22.148238091223206,4,1,26.915646164763004,1,0,7,1,1
4.884414666329451,0,0,76.12249433629495,0,0,11,0,0
1.6626805355744736,0,0,96.18850484126932,1,0,19,0,0
21.657819231303847,3,1,27.047315223660302,0,2,13,1,1
16.370909487277856,4,1,31.934214748331126,1,1,17,1,1
1.3902557749539577,0,0,83.76208771957928,0,1,11,1,0
8.896286405912507,0,0,90.21232719417257,0,1,14,0,0
5.050360590125473,1,0,74.28665554898461,0,1,17,1,0
3.762341726811264,1,0,67.83484881462613,0,1,8,0,0
1.9896740577936427,1,0,94.12823023616384,0,0,11,0,0
9.409973421706058,0,0,64.5592253131995,0,0,10,0,0
7.146884463066498,0,0,88.0482813160437,0,0,13,0,0
6.548124666273654,1,0,91.50403193125106,1,0,15,0,0
5.371662504375448,0,0,78.18541928662279,0,1,12,0,0
1.5880272018167343,0,0,89.48640616064742,0,1,17,0,0
3.219448028195538,0,0,84.87248039877608,0,1,17,0,0
6.4792226758257705,0,0,85.85329436985143,0,1,10,1,0
4.58749280125185,2,0,88.32549490588015,1,1,13,0,0
1.3305986115778894,0,0,71.65526234341593,0,0,18,1,0
1.8263439643817598,0,0,78.64240032209746,1,1,18,1,0
7.936214308060249,0,0,96.75023501640732,0,2,10,0,0
23.573493871899945,4,1,38.76230226573754,1,0,6,1,1
5.906650416013934,0,0,79.41648309187835,0,0,8,0,0
4.168033834555935,0,0,88.80649766574088,0,0,14,0,0
2.6092337852405247,1,0,63.814316316923275,0,1,10,0,0
7.016130958532285,0,0,99.8097186677766,1,0,21,0,0
9.152589328656706,0,0,99.65070878414531,0,1,18,0,0
4.569754314634912,0,0,72.47808106423106,0,0,8,0,0
1.8009822209237893,1,0,96.78233751722809,0,1,12,0,0
2.4005194058506247,0,0,93.41766606397746,0,1,17,0,0
24.645430508680626,3,1,39.16450949072802,1,1,23,0,1
7.471774420841713,0,0,81.88963865605757,0,0,9,0,0
29.029443799533688,3,1,20.725155398730198,0,0,7,1,1
1.8874153725732925,1,0,68.85015767260634,0,0,9,0,0
5.340378475210797,0,0,86.69010433869977,0,0,18,0,0
5.457339082286738,0,0,82.45478915970585,0,0,7,0,0
25.23963009906256,4,1,46.34278622988644,1,0,12,1,1
1.5240763978201808,0,0,78.80025926768845,1,0,12,0,0
25.411286435662753,3,1,48.16085759697714,0,0,12,1,1
22.262479624909787,4,1,36.99339787334394,0,2,18,1,1
5.519413375008691,0,0,78.73180847595971,0,2,19,1,0
7.165897310016989,0,0,82.50332559198475,0,2,12,0,0
4.027744952166929,1,0,76.60066570056026,0,1,15,0,0
7.66954617357454,1,0,71.93813010387005,0,1,15,0,0
6.369582672947906,0,0,85.07890060238338,0,0,6,1,0
9.626624290225202,0,0,99.97490086710789,0,0,6,0,0
1.6522542953733435,1,0,89.47191568168253,0,1,12,1,0
23.77466681541215,4,1,40.462161969442036,0,1,10,1,1
21.57317200678081,4,1,36.01321205073427,0,1,4,1,1
1.268747981040931,1,0,77.92335175146343,1,1,16,0,0
4.480827806666561,0,0,72.59353972564352,1,2,9,0,0
2.032971775407767,1,0,66.76220902728954,1,0,19,0,0
8.839797346616654,0,0,79.76324810269755,0,2,17,0,0
2.05041053525774,0,0,77.2455858128566,1,1,10,0,0
9.9753419370337,0,0,95.18879806516958,1,2,13,0,0
8.278109579074187,0,0,64.03699903791285,0,1,12,0,0
7.5293599591126785,0,0,80.2915762553304,0,0,8,1,0
1.7486692357335514,0,0,60.34402804645414,0,0,9,0,0
2.653876324482878,1,0,72.87760135419654,0,1,12,1,0
24.026119007466793,3,1,22.824124924509597,0,2,6,0,1
3.2464244230314456,0,0,82.48533374793051,0,2,9,0,0
21.107412425679602,3,1,22.340812450080673,1,2,5,0,1
17.82335772520426,4,1,28.754883935244838,0,1,17,1,1
7.513750040087995,0,0,84.68479156370039,0,2,18,0,0
7.44055161712421,0,0,63.15602342825481,0,1,15,0,0
9.190786951922512,0,0,78.07729879530025,0,2,6,0,0
4.692130930079253,0,0,86.10970457856851,0,0,11,0,0
6.779593065473753,2,0,68.38543847086022,0,0,12,1,0
3.1283678612342003,0,0,70.2319343273296,1,0,7,1,0
6.7198598414506625,0,0,91.33941839253221,0,0,9,0,0
1.7042256977706665,1,0,95.31267115404412,0,0,9,0,0
3.2835475287069436,0,0,74.20524063858005,1,1,21,1,0
3.9602728998192678,0,0,79.93535812533567,0,2,14,0,0
7.3171283829729195,0,0,84.3790824370522,0,1,12,0,0
7.989198861934152,0,0,62.338321964410056,0,1,8,1,0
8.432834722828428,0,0,85.77137408226079,0,1,16,0,0
5.820271743719104,1,0,71.39718339037591,0,2,11,1,0
9.225524522667298,2,0,90.96105860469994,1,1,6,0,0
2.159928981230638,1,0,98.42691995459609,0,2,21,0,0
6.853480444281629,0,0,93.13349026354473,0,0,19,0,0
1.288430153477489,1,0,75.82145999580703,1,1,7,0,0
5.910471518566235,0,0,90.54051108989938,1,1,10,0,0
5.352904010324554,0,0,60.346247989380764,0,1,8,1,0
7.843763068573663,0,0,62.24247907670422,0,1,21,1,0
5.0251770228860595,0,0,96.16967828490952,0,2,12,0,0
18.768694329683328,3,1,23.551126943013553,0,1,19,0,1
16.83962319767599,4,1,39.20015216585962,0,0,8,1,1
7.839463140448696,0,0,67.49516044423531,0,2,6,0,0
29.248523123631635,4,1,30.295866009880765,0,1,2,1,1
8.364386955317265,0,0,71.76445354182003,0,1,20,0,0
19.736176855768377,4,1,26.221688630343234,0,0,11,1,1
2.9275731247840797,0,0,73.79132040804309,0,1,16,0,0
8.17036474274369,0,0,60.68593687967538,0,0,10,1,0
1.297570420838487,1,0,82.95282240769602,0,1,16,0,0
5.027214885004609,1,0,97.57951303720654,0,0,17,0,0
6.941273310115347,2,0,67.19738116807771,0,2,20,1,0
5.031592559453271,0,0,73.76349966528677,0,1,20,0,0
1.7994630273225711,0,0,75.32060040667852,0,2,10,0,0
3.1069740821946104,0,0,92.7072283211815,0,1,18,0,0
3.845526720333861,0,0,78.87848065446673,1,1,11,1,0
3.1127043696502574,0,0,61.263292917511976,0,1,15,0,0
8.027341738631733,1,0,91.11812638653186,0,0,20,0,0
4.637725629865799,1,0,60.481584539461494,0,0,10,1,0
3.527406009995588,0,0,85.74080074455489,0,2,19,0,0
9.91682242931431,0,0,85.55890276151933,0,0,15,0,0
26.65665446201472,3,1,22.101173898505678,1,1,22,1,1
5.526472514990209,0,0,60.99898450703192,0,2,7,0,0
2.1206706756915064,2,0,88.86104768793194,0,1,14,0,0
5.678531405611076,0,0,84.85508485462815,0,2,11,0,0
22.64002173883322,3,1,30.866011389433936,1,1,21,1,1
3.2562921255194626,0,0,60.291204071841676,0,0,7,1,0
4.233257776746479,0,0,66.42976527224833,0,1,21,0,0
1.8726965304689185,1,0,93.3406981761976,0,0,10,0,0
7.906230757351398,1,0,72.59300094521923,0,0,14,0,0
6.716525385053987,1,0,75.3485125478761,1,1,9,0,0
7.778220444011967,1,0,86.33145503700797,1,0,6,1,0
7.193576226978439,0,0,86.93613599854588,0,1,6,0,0
8.011568530358595,2,0,97.33033686171771,0,2,15,0,0
3.7876122509742576,1,0,79.76048012866163,0,1,20,0,0
3.789516725422633,2,0,75.5890652673031,1,1,12,1,0
9.943527167400596,0,0,95.81728898121446,0,2,20,1,0
9.927827303216457,0,0,92.76341518394891,0,0,14,0,0
6.094149785150691,0,0,82.80782094961671,0,2,9,0,0
6.879574603020568,0,0,85.31718535062375,0,1,13,1,0
3.382018103253382,2,0,75.52937967510914,0,1,17,0,0
3.5362631832274856,0,0,95.61942556033915,1,0,11,1,0
9.965543351291588,1,0,65.97462114080948,0,2,14,0,0
9.734772518055266,1,0,83.61692846056022,0,1,14,0,0
4.794999940626729,0,0,71.1799937206991,0,0,10,1,0
8.344279421756156,1,0,64.82050957950823,0,1,18,1,0
20.010831230176958,4,1,29.50671790724924,1,2,15,1,1
28.507565373505834,4,1,34.50582766914938,0,2,11,1,1
8.180145769874214,1,0,82.1284885107854,0,1,10,0,0
1.7391908706963295,2,0,76.71504234036526,1,1,19,1,0
9.68142475218792,1,0,94.42738456137124,1,2,14,1,0
8.745918300054242,1,0,79.84690166278313,0,1,19,0,0
23.002041481281445,4,1,48.859649503296694,0,1,3,1,1
5.162291111023338,0,0,83.6208832438666,0,1,6,0,0
7.29718564678245,1,0,73.23352921292772,0,0,16,0,0
23.351393694255115,4,1,24.96230299211983,0,2,11,1,1
4.586467878182312,0,0,97.6148660318585,0,2,9,0,0
3.5768458672351717,0,0,96.5898166003402,0,0,20,1,0
4.625755658679196,0,0,71.07908818708901,1,0,7,0,0
6.511657202755559,1,0,96.7675105382219,0,0,10,1,0
8.586927931914484,0,0,93.22453643161315,0,0,16,0,0
9.23732582186486,0,0,86.42414342184587,0,1,19,0,0
5.620333444895714,0,0,96.67086622762389,0,0,11,0,0
8.30768712123076,0,0,73.11222561161513,0,1,13,1,0
6.486265367404762,0,0,60.25123551587339,0,0,11,1,0
26.29327715219698,4,1,21.82055565199225,0,2,12,0,1
1.061202503040532,0,0,69.35386122890031,0,1,19,1,0
6.084744507487288,0,0,79.89846694755252,0,2,7,0,0
1.8819772361202567,0,0,72.11738604739108,1,1,11,0,0
1.1829984654176875,0,0,66.79137238093276,1,2,11,0,0
26.31134877924616,4,1,45.549294871756274,0,0,2,0,1
3.299688142158813,2,0,91.7818541987039,1,0,19,0,0
9.806064916190616,0,0,92.16217690276272,0,0,15,0,0
26.23427923624343,3,1,23.2703582468724,0,1,23,0,1
9.88532187806331,0,0,67.79041824298257,1,2,9,1,0
2.1287781334248086,0,0,77.299857942031,0,0,19,1,0
5.697007543255295,0,0,82.74868498840246,0,1,16,1,0
3.7673536551602376,0,0,81.84992532488529,0,1,20,0,0
8.62638669526401,0,0,69.92648953493457,0,0,16,0,0
26.103551799961682,3,1,27.837419894574623,1,2,0,1,1
2.0739770923616825,0,0,81.75246325443932,1,2,12,0,0
1.4816359960445658,2,0,96.65457182684196,0,1,19,1,0
24.870419728959856,4,1,47.925258714438385,1,0,18,1,1
4.283305010905757,0,0,73.34972948027044,0,1,10,0,0
5.75101338364675,0,0,62.439370633645424,1,2,13,1,0
1.7611535252738801,1,0,70.36741766163921,0,2,10,0,0
9.434080725437465,0,0,65.43692034671228,0,0,15,0,0
2.2646139820033806,1,0,94.10393708749959,0,1,6,0,0
7.844259781144029,0,0,70.71513177405348,1,0,17,1,0
8.650965685086694,0,0,97.32148280640817,1,1,9,1,0
7.7346852076189645,0,0,63.79694657829279,0,0,13,1,0
9.556691803816621,1,0,62.55583145540267,0,1,20,0,0
4.692869287670593,0,0,88.4344781525748,1,0,16,0,0
4.338449583995884,0,0,86.41706194327969,0,1,8,0,0
2.0746201754349505,0,0,72.81282793238523,0,1,12,0,0
2.773815559145513,0,0,69.63347545243589,1,0,15,0,0
1.8922494807519414,2,0,93.11739500470907,0,1,15,0,0
9.866960649750311,0,0,81.85565106091019,0,0,18,0,0
4.2906134129538245,1,0,67.09133946100845,0,0,15,0,0
4.566576897223043,0,0,96.50836742706699,0,1,13,0,0
5.93015761341476,0,0,98.85000709229197,0,1,8,0,0
1.1456542703760078,0,0,75.8312805625399,0,1,19,0,0
18.192593282739683,4,1,27.458927447416208,1,0,23,1,1
1.0946806616354692,0,0,83.73450227688258,0,1,10,1,0
20.99018067806912,3,1,35.45343576698389,1,2,12,1,1
3.086642051477317,0,0,99.86731722140703,1,1,13,1,0
6.058734166372852,0,0,64.12021899215561,0,1,16,0,0
7.183322110618468,0,0,78.86335585288924,0,1,13,1,0
6.728733017305044,0,0,96.93593822799244,1,1,7,0,0
16.158839511817433,3,1,37.80104510921713,0,0,20,1,1
5.997719029179817,0,0,71.01993540379806,0,1,11,0,0
1.6036572705039815,0,0,66.41516257260314,0,0,12,0,0
7.801253312782602,0,0,70.75267717023937,0,0,7,1,0
9.887335854679478,0,0,72.00757390996631,0,2,15,0,0
5.417391786909179,2,0,98.55156198276498,0,1,12,0,0
9.037361353138424,0,0,67.536999710308,0,0,16,0,0
16.43836750820692,4,1,29.216801757913455,1,0,22,1,1
2.8224841296132226,0,0,85.10221595369988,0,0,18,0,0
4.3649387959209145,0,0,75.06082079393758,0,1,15,0,0
3.280370681807345,0,0,72.97359329851834,0,1,6,1,0
9.749237069025703,0,0,95.83874829676033,1,2,18,0,0
3.4002124750566964,2,0,80.64512539065893,0,1,9,0,0
6.447480282057035,2,0,97.93133176615385,0,1,6,1,0
2.1475214477555973,2,0,62.20707845551992,0,0,13,0,0
7.632947111902065,0,0,87.14485556506978,0,0,17,0,0
2.541012308698468,0,0,69.18592895953603,1,1,14,1,0
5.052519643033982,1,0,73.65821670909939,0,0,8,0,0
2.581179471839016,1,0,86.65762383387926,0,0,11,0,0
8.67352939474307,1,0,80.66620368538297,0,0,12,1,0
8.650344938835945,0,0,78.2088441911676,0,1,21,1,0
7.201396756907325,0,0,99.4568772259618,0,0,15,0,0
9.367320887137296,0,0,88.92245144907366,1,1,18,0,0
22.44040866973418,4,1,45.49253049465996,1,1,4,1,1
7.883729728175094,0,0,66.65755197033229,0,1,18,0,0
6.106784976512327,0,0,72.87825765588978,0,1,19,0,0
6.47654842202027,2,0,92.1151865218173,0,1,8,0,0
2.217697604531721,0,0,81.5028194220861,1,1,12,0,0
16.19758403337252,3,1,38.33056408536336,0,2,17,1,1
8.53827791622217,0,0,84.54228148807286,0,1,21,0,0
17.76175269880033,4,1,25.19095749306663,1,2,22,1,1
1.7931354519052674,0,0,71.1658602692386,1,0,12,0,0
8.788718771987398,0,0,65.4657379216323,1,2,10,0,0
8.765256203903355,1,0,85.68734454534273,0,0,8,1,0
7.942268365159967,0,0,87.79547506103205,0,1,16,1,0
6.650623295425598,0,0,91.2936043657279,0,0,8,0,0
9.069415552866072,2,0,91.96770708732032,0,2,16,1,0
28.847430788607838,3,1,41.46131965051388,0,0,11,0,1
22.747142986801727,4,1,44.93379691726358,1,0,11,0,1
2.8046314579780134,0,0,66.31068175342766,0,1,19,0,0
16.57250782045066,3,1,49.417927909835484,0,1,18,0,1
5.318976955545233,0,0,73.1675299263836,1,2,21,0,0
17.589326616001067,3,1,43.828791400852104,1,0,15,0,1
1.487693481906104,2,0,81.06482646443916,0,0,9,0,0
2.6324749791575903,0,0,61.604066875481216,1,1,15,0,0
6.816268550163975,0,0,94.3385516685543,0,1,19,1,0
5.007981212943834,0,0,94.7120876683471,1,0,21,0,0
4.439084596807142,0,0,87.08481696714138,0,2,14,0,0
6.534294925900782,2,0,95.87301473696812,0,0,6,0,0
8.429084968078342,0,0,75.02026006624487,0,1,11,0,0
3.4711725873269916,2,0,87.41906997846124,0,2,13,0,0
19.45309647828407,4,1,30.98774902231701,0,0,10,0,1
4.405606074934291,2,0,74.90884393365761,0,0,9,0,0
8.503849542016791,0,0,91.83032246731094,0,2,20,0,0
7.5433032853457584,0,0,76.90221405866788,0,0,11,0,0
17.743935913103783,3,1,39.57739383519186,0,0,6,1,1
7.125861179449079,0,0,67.87517786206791,0,1,9,0,0
6.13917605656972,0,0,66.45109355308142,1,0,9,0,0
19.688968330385848,3,1,22.024134814052466,1,1,8,1,1
8.547649098856615,2,0,93.14002697684447,0,1,18,1,0
2.9340848203436387,0,0,79.06453337774306,0,1,6,1,0
2.7553046630564926,0,0,88.36923268750444,0,2,6,0,0
6.1709734606387245,1,0,93.71028564415155,1,0,10,0,0
8.37349730491977,0,0,81.2803770135447,0,1,8,0,0
7.013780753469885,0,0,73.48545970925191,0,2,19,0,0
21.122903198370018,4,1,32.70096674223442,0,1,13,1,1
8.33837926132506,2,0,99.01339030429733,1,1,10,0,0
1.568261860637234,0,0,87.4367525869606,0,1,19,0,0
6.122753514932614,0,0,70.18490817539416,0,1,18,0,0
23.81070454768818,3,1,28.910807967121478,0,1,4,1,1
1.8798870497787517,0,0,89.04994521365686,0,0,16,1,0
8.710918994116433,0,0,76.57493257109427,0,2,21,0,0
2.661875485223588,0,0,67.82091843654463,0,0,13,0,0
6.4261275440370325,1,0,76.30464800047892,1,0,9,0,0
1.646318200906943,0,0,85.06714926560831,0,0,17,0,0
7.052256887588657,1,0,63.568244182219125,1,0,13,0,0
28.100291350855123,3,1,43.447996074640415,0,1,13,1,1
7.158455908938307,1,0,87.45084865093818,0,0,14,0,0
15.047323441041446,3,1,44.9638494709817,0,2,13,1,1
4.692673527532946,0,0,65.5481360183359,1,1,9,0,0
2.379116919979725,0,0,67.63014751103749,0,0,10,0,0
6.125929783156856,0,0,73.45086647316822,1,0,13,1,0
25.42951427684264,3,1,44.20425483047789,0,2,8,1,1
1.0854644769282293,0,0,70.33080169315159,0,1,8,1,0
3.8959952910418663,0,0,67.22165398298905,0,0,21,0,0
9.0123889043577,1,0,68.37858340974752,0,1,19,0,0
1.8737733397694198,0,0,64.33814542740119,0,0,15,0,0
1.7797552258892337,0,0,63.25609397423354,0,0,18,0,0
6.293115303790152,0,0,99.9618318586069,1,1,6,0,0
1.9072492888972348,0,0,94.0383781212617,0,0,15,0,0
1.1359071537422676,0,0,81.83983366869589,0,1,9,0,0
8.613843558013103,0,0,71.2389247095151,0,0,15,0,0
3.376743786723043,2,0,93.93082523195608,0,2,13,0,0
8.452645766633694,0,0,93.37132755072264,1,0,14,0,0
7.0846296059034914,1,0,83.87287996308982,0,0,10,1,0
8.411805045261886,0,0,98.39321515863867,0,1,12,1,0
9.98205079903267,0,0,96.7159144155175,0,1,10,0,0
3.251682599245465,0,0,67.82952768554544,0,0,10,0,0
3.2666803023569786,1,0,71.11780622697293,1,1,12,1,0
9.049357843506494,0,0,64.93603607539275,1,1,17,0,0
4.324217133277228,0,0,71.72510791984487,0,0,15,1,0
7.401054500208424,0,0,78.07887130149743,0,1,9,1,0
5.139722240907639,1,0,98.35602550781624,0,1,16,0,0
1.5522837717522096,0,0,83.48552770335677,0,1,16,0,0
29.150037694858792,3,1,47.598062764361934,0,0,14,1,1
8.308413233970285,0,0,89.64690351115703,1,1,10,0,0
3.209123554203768,0,0,64.7677485619586,0,2,17,0,0
28.75588816051156,3,1,25.395133897534592,1,0,1,0,1
2.110107688110932,0,0,74.24289562224374,1,0,9,0,0
6.264181937887328,0,0,75.88019521820061,0,1,19,0,0
3.9120233127402897,0,0,82.0203234197599,0,0,9,0,0
2.6304141198630604,1,0,67.56180779399612,0,1,17,0,0
6.885440978856681,0,0,95.82051042849571,1,1,20,0,0
15.90111699477554,3,1,32.05468881784416,1,0,10,1,1
2.850224381612102,1,0,67.44099600790402,0,1,18,0,0
8.969484326090395,0,0,87.45892372039337,0,1,15,0,0
7.867324988161666,0,0,72.0958486878199,0,1,21,0,0
4.082978692076809,0,0,99.31583961452186,0,2,15,0,0
24.475768598758158,4,1,28.275878871900886,0,0,20,0,1
2.262002095119859,1,0,81.97641057908662,0,0,7,0,0
6.484562872782577,1,0,90.74028708248693,1,0,16,1,0
4.954258982066348,1,0,76.40077362905558,0,1,20,0,0
9.964612163592511,2,0,93.67745489664676,0,2,8,0,0
15.052069136703267,3,1,38.791559551107206,1,2,5,1,1
7.642535792561782,0,0,76.21793339594205,0,0,21,1,0
7.348647404285066,0,0,71.60092194268503,0,0,11,1,0
1.8121089155664436,0,0,96.66694472376034,1,1,7,0,0
3.6692479822340576,0,0,93.9563941294933,0,1,15,0,0
8.147350152664156,1,0,86.21675553969298,1,2,8,0,0
4.834112158306362,0,0,89.13319873452755,0,1,13,1,0
4.528545174152553,0,0,74.48698922114687,0,1,17,0,0
7.946995475596423,1,0,86.91771844616173,0,1,21,0,0
3.111822604253406,0,0,73.26451608249583,1,2,14,0,0
6.967287968910664,0,0,78.462945795154,0,0,20,1,0
4.3739046722980515,0,0,77.22002539494041,0,1,14,1,0
8.003884973328827,0,0,87.34316618344414,0,1,21,1,0
8.894406623878556,1,0,70.9044375301957,0,2,19,1,0
1.4601788454477123,0,0,60.60187648765396,0,0,20,0,0
28.30216199881665,4,1,33.615959620435376,1,0,6,0,1
6.332933776744743,0,0,93.11209087365333,0,0,14,1,0
22.779370785569824,3,1,35.03917663378362,1,1,17,1,1
1.6776363147453024,1,0,98.68224026199337,0,1,12,0,0
9.217233937689658,1,0,66.64320447469244,0,1,18,0,0
3.9228601615645284,0,0,87.4323015422799,0,2,12,0,0
26.102009010703476,3,1,25.130096962611322,1,1,17,0,1
6.0679109453901905,0,0,68.35506465378656,1,1,19,1,0
6.25120976777465,1,0,74.92299883023419,0,0,8,0,0
28.792909576777248,4,1,27.24889800889823,0,0,11,1,1
9.01069602810908,2,0,67.53708795492793,0,0,6,0,0
3.0455293686846283,0,0,69.97096710053347,0,1,15,0,0
3.002523409830912,0,0,91.2498546349866,1,1,17,0,0
8.771892176570907,1,0,66.92196317715924,0,1,19,0,0
8.035910811992531,0,0,90.25015021410586,1,1,13,0,0
27.8853315887387,4,1,31.079621651435538,0,1,8,1,1
7.274171658558057,0,0,80.1263684331156,0,0,19,0,0
15.512330076177946,3,1,46.984597464967244,1,2,0,0,1
9.701603486447691,0,0,61.21653208182118,0,1,17,1,0
17.889177567355674,4,1,21.165083683867188,0,1,15,1,1
2.5093496399348245,0,0,66.85442296269525,0,1,19,0,0
3.3662325056013036,1,0,89.39201219737025,0,2,20,0,0
9.767108471469513,0,0,60.85878045370326,1,1,19,0,0
4.564843984487695,2,0,66.26894988928966,0,1,7,1,0
2.7773390873559176,0,0,98.9264229547527,0,0,16,1,0
27.284832736639242,4,1,46.145814399285754,0,1,4,1,1
4.081249156118355,0,0,62.32225401916722,0,0,7,0,0
4.124883144787635,0,0,62.85202833604272,0,1,8,0,0
2.846515388356206,0,0,71.50714981072072,0,0,7,0,0
9.835664398266895,0,0,90.90859352394861,0,1,21,0,0
8.339915585749518,0,0,80.19913179616935,0,2,12,0,0
1.9396997100242546,0,0,64.86643961987636,1,1,7,0,0
1.881751096689945,0,0,62.6441557101259,0,1,12,0,0
7.837395853047575,0,0,62.38332737494556,0,0,14,1,0
8.038055891095802,0,0,77.87751350965067,0,1,17,0,0
8.930506925521104,0,0,78.94954891182874,0,0,15,0,0
16.615598180220797,3,1,39.134460236444724,0,0,23,0,1
8.147448832575325,0,0,61.67911364036127,0,2,20,1,0
15.060489172748028,3,1,22.900491527915026,0,0,6,1,1
6.893005832102916,1,0,73.60485460440232,1,2,19,0,0
2.504117007404917,0,0,94.89515783865352,0,1,7,0,0
9.72227882067048,0,0,71.86310356770382,0,1,13,0,0
4.696989562355057,1,0,83.23822083780098,0,1,6,1,0
2.429438266643151,0,0,84.24213180136178,0,0,18,0,0
6.897048411236954,0,0,92.70945353723434,0,0,10,1,0
8.771450226731567,1,0,73.55360475302915,0,0,20,0,0
15.354944373449003,3,1,40.238431988472804,1,1,17,1,1
24.14016442359526,3,1,27.02167553846907,1,0,21,1,1
7.025385932864015,0,0,79.39338111869266,0,0,19,0,0
5.059354280342116,2,0,83.69039245472348,0,1,19,0,0
1.9467954513833403,0,0,81.15073091993214,0,2,8,0,0
8.826138160054644,1,0,72.75992477879397,0,0,12,1,0
7.677071019210895,0,0,81.31076190085875,1,0,17,0,0
7.955704641515923,0,0,81.42117566557363,0,1,10,0,0
2.433038998413597,0,0,87.08708062329829,0,1,18,0,0
4.504809699098959,0,0,87.9388561369042,0,2,19,0,0
3.941713496489649,1,0,73.83943812442149,1,1,14,0,0
2.496898938026661,0,0,88.25520123525835,1,0,15,0,0
8.167931850713726,1,0,75.87727210675264,1,2,12,0,0
4.412665904540089,0,0,68.18261843300631,0,0,10,1,0
8.161271774283723,0,0,98.92291934648267,0,1,8,0,0
27.344035459246413,4,1,43.35397080015683,0,0,8,0,1
7.357161131536619,0,0,96.45699008934993,0,2,18,0,0
4.04399438900456,1,0,80.83115062987848,0,0,7,1,0
5.43859294978603,0,0,99.95265986391334,0,1,20,0,0
5.75606377874055,0,0,84.57069897808465,1,2,12,0,0
4.829774952338624,0,0,79.93033233167957,1,1,10,0,0
4.381332441568349,0,0,74.87448943645103,0,1,15,0,0
8.126153553822856,0,0,89.08114172072182,0,0,10,0,0
6.360533502304963,0,0,74.99152430405478,1,0,14,0,0
5.097815104768633,1,0,68.37156050877124,0,1,12,0,0
2.7508011454605463,0,0,98.8706492929332,0,1,17,0,0
9.107446528853528,1,0,69.39186891517053,0,1,19,0,0
3.2684678296049743,1,0,91.03337215715885,0,1,13,0,0
4.523592125378428,1,0,83.53482704324904,1,1,17,0,0
5.630120001260349,0,0,71.15768237783476,0,2,11,0,0
9.765903771557134,0,0,98.4094344469537,0,1,21,1,0
7.344107595295573,2,0,90.09570663832275,0,1,10,0,0
3.2772862744632207,0,0,75.99367338340873,0,1,12,0,0
5.88362773945216,1,0,80.07669079163253,0,0,12,0,0
6.922135512998736,0,0,75.53521448495987,0,1,8,0,0
4.373451367485392,2,0,68.02744139121573,0,2,11,0,0
22.776087731771963,4,1,45.88045328054403,0,1,6,1,1
2.6509096035405957,2,0,91.66626866146473,0,2,15,0,0
6.711999944155512,0,0,89.12033315825354,0,1,11,1,0
8.153102865678314,0,0,76.05912495040135,0,0,7,0,0
4.504019797582057,0,0,60.730868234790236,0,1,12,0,0
28.746159579543693,3,1,38.81755284567887,1,0,16,1,1
2.1996682749513496,2,0,64.53771541392402,0,0,14,0,0
2.397308468057909,0,0,68.2225321826952,0,0,15,0,0
3.371142117546973,2,0,94.93827012733998,0,1,20,0,0
21.78508082921195,3,1,37.277172224837045,1,1,9,1,1
3.4859523053693016,0,0,76.65452064051742,0,1,9,1,0
6.87937394346146,2,0,67.66709728648021,1,1,9,0,0
26.970655307689064,4,1,27.252350147461346,0,0,4,1,1
8.25901835163822,0,0,79.39283039608665,0,1,10,0,0
7.0536348526547155,0,0,80.80348270780499,0,0,16,0,0
5.593010336281022,0,0,65.78428311294252,0,0,21,0,0
3.6666601259559095,0,0,72.47928697424037,0,1,15,1,0
5.534354313360688,0,0,90.60562931793373,0,0,8,1,0
1.5028993403400965,0,0,83.0387892212211,0,1,17,0,0
3.5797168015608323,0,0,69.27886097330641,0,1,14,1,0
26.20904619486914,3,1,40.318544716052614,0,1,1,1,1
5.626342318282342,2,0,97.84951369127194,0,0,8,0,0
1.8265908640355475,0,0,66.5516465532539,0,1,14,0,0
2.981097428123835,1,0,87.4726394454886,0,2,19,0,0
7.7021123975775945,0,0,74.8391667228707,1,1,17,0,0
3.1449608511295244,0,0,65.49007926959709,0,1,19,1,0
8.398533409504388,1,0,74.16589077257534,0,0,8,0,0
1.533386868052109,0,0,65.95581620493675,0,1,10,0,0
3.2809875404390962,0,0,63.33632155399372,0,1,17,0,0
19.490647963475197,4,1,37.071521938023835,1,0,23,0,1
25.224930913525633,3,1,31.00669285831297,0,1,1,1,1
5.788029637183166,1,0,71.48811392632064,1,1,7,1,0
3.0838043660943764,0,0,84.61863733270967,0,0,13,0,0
2.4734431512234787,0,0,80.51293793561831,0,1,9,0,0
22.791995362554225,4,1,49.60374945870046,1,0,8,1,1
5.018941813459415,0,0,83.11359746654183,0,1,17,0,0
7.4858773321514755,1,0,61.651919921329885,1,1,20,0,0
4.115250208820125,0,0,89.88958454335057,0,1,8,0,0
7.439867103172903,0,0,91.68529023082681,0,1,18,0,0
1.3502002926714651,0,0,61.6072545787483,0,0,9,1,0
8.183795125156207,0,0,83.78323359577924,0,1,10,0,0
17.576454249115308,3,1,29.167974807172513,1,0,5,0,1
8.959290115422137,2,0,87.7036224485022,1,1,18,1,0
23.166507494927934,3,1,49.62499551183835,0,0,16,1,1
7.049066446842267,0,0,83.72225529662235,0,0,6,0,0
4.349229910529088,0,0,87.83448690790665,0,1,16,0,0
5.6559825921847,1,0,72.81490690766577,0,1,7,1,0
4.971133905155534,0,0,62.92924175460284,1,0,11,0,0
8.156285749150474,0,0,77.53489875941156,0,2,21,0,0
22.091647582845063,3,1,36.01497905284114,0,0,22,0,1
3.260135539691438,1,0,89.37158087766088,0,1,12,1,0
1.140616328494912,0,0,87.90543002277951,0,1,7,1,0
5.035794617625351,0,0,91.44655363510432,1,1,16,1,0
4.266643971111112,0,0,61.83588867071531,0,1,21,0,0
7.2739830119642885,1,0,87.9288347370083,0,0,16,0,0
2.0677514209027663,0,0,99.60055934988262,0,1,17,0,0
3.000830733547785,0,0,70.87921429770388,1,1,20,0,0
5.0088352551929445,1,0,96.88646877393501,0,1,10,1,0
2.248378784435065,0,0,93.41899443276053,0,0,9,0,0
17.148900284914188,3,1,40.2773291208014,1,0,13,1,1
6.552002504934324,1,0,62.3385991187102,0,2,14,1,0
22.406695322168208,4,1,34.2787478895973,1,1,7,1,1
16.19046543741247,4,1,20.51036535892556,0,1,6,1,1
7.020587611512131,0,0,67.20108555813057,0,1,13,0,0
5.799025628189005,0,0,88.09103673814383,0,1,6,1,0
9.64372509802209,0,0,74.26700766692834,0,1,10,1,0
7.980311845134648,0,0,97.52233081990767,0,2,7,0,0
5.769455676354063,0,0,86.34655627419097,0,1,14,0,0
3.7971841606556747,2,0,83.31524438362712,0,1,21,0,0
5.466144017936191,0,0,87.45167538297116,1,1,6,1,0
16.934122123655598,3,1,20.109158768222496,1,1,5,0,1
7.729990406283338,0,0,91.17006848526356,0,1,8,1,0
4.504624921231623,2,0,72.59484893191923,0,0,6,0,0
5.14662479757262,0,0,62.79288919850758,0,1,21,1,0
6.419324714859499,0,0,80.20682152166196,1,0,16,1,0
8.309547531342588,2,0,81.6301342409073,0,0,16,0,0
2.3178090081407934,0,0,94.58831544631316,0,1,20,0,0
1.8776960695317548,0,0,69.7342529073995,1,1,20,0,0
5.404477888349226,0,0,71.07586294597893,0,1,10,0,0
3.2441916565248574,1,0,90.46790874853752,0,0,8,0,0
18.93391070709597,3,1,31.394544179886452,1,2,12,0,1
7.526574175075645,0,0,65.15679047510228,0,2,16,0,0
1.7629090800306693,0,0,98.91325752545407,0,1,7,0,0
2.3159784253040225,0,0,83.64214529227752,0,2,13,0,0
7.597884551844899,1,0,98.06352800141616,0,2,16,0,0
2.5743249009777585,0,0,70.68137323659967,0,1,17,0,0
6.643623631226811,0,0,95.82057243698762,0,1,19,1,0
9.011625369162545,0,0,99.56239979253485,0,1,7,0,0
3.3366682373398593,1,0,97.1647790526128,0,1,9,0,0
1.0490766954459734,1,0,61.7130045094423,0,1,11,0,0
15.861096580022705,4,1,44.69637775876502,1,0,20,1,1
2.864996748154308,0,0,82.15314252346433,0,1,7,1,0
3.382927666781621,0,0,87.84937336475244,0,1,20,0,0
3.292163809132054,0,0,71.3601122650018,0,0,17,0,0
2.9696452980599384,0,0,72.09360620461493,0,1,12,1,0
3.4394302540016186,0,0,70.83763277942639,0,0,18,0,0
6.924065562361391,0,0,78.32460328565699,0,0,21,0,0
9.813306004621102,0,0,92.58866208560715,1,0,13,0,0
1.937221502941568,0,0,90.19825039255467,1,0,10,0,0
5.4499570951994425,1,0,98.42686917006593,0,1,19,0,0
9.053652799107317,2,0,66.01732925455711,0,2,9,0,0
3.074536964195536,0,0,76.77790554350085,0,2,18,0,0
20.871925673306038,4,1,45.54944255580833,0,1,19,0,1
3.568483543708151,1,0,85.27934522606103,0,1,13,0,0
23.44724875411028,4,1,49.35069205758302,1,0,23,1,1
3.5871053817480174,0,0,78.94888358637877,0,2,20,1,0
2.126571076129285,0,0,91.39712756975925,1,2,12,1,0
8.102219436986182,0,0,82.94303448649309,0,2,14,1,0
4.24431449102964,0,0,95.6455037457128,0,0,17,0,0
4.385212800980298,2,0,62.17926596376747,0,1,8,1,0
5.097673078562866,1,0,77.6726388811061,0,1,13,1,0
3.9585934998865593,2,0,66.86486312199251,1,1,14,0,0
7.317762459007253,0,0,80.50119597004621,0,1,11,0,0
4.849659295860407,0,0,70.62954353975464,0,1,17,0,0
3.4732047693137553,0,0,89.89846090310706,0,0,21,1,0
9.240839773818482,0,0,99.77811215217856,0,1,11,0,0
2.831316305422381,0,0,80.01133535969656,1,1,13,1,0
7.547504582194753,0,0,63.07041676898112,0,1,15,1,0
6.725634750337727,0,0,99.36371141987092,0,0,16,1,0
8.001012719293175,0,0,77.88518833990008,1,1,8,0,0
9.783376881884763,0,0,75.12878714465565,0,2,19,0,0
21.783574443561342,3,1,32.49377900515597,0,1,11,0,1
6.275583009325853,0,0,98.52312348291491,0,2,7,1,0
22.526898059775817,4,1,31.003808796173814,0,2,7,1,1
22.039970766147192,3,1,32.092482191749276,0,1,0,1,1
23.054619398623814,3,1,24.75028070607955,1,2,19,0,1
9.022453111715693,0,0,97.93836053807796,1,0,11,0,0
1.9377112812329926,0,0,61.885235377301385,0,0,10,0,0
5.828868364575284,1,0,99.37385266943407,0,0,11,1,0
1.6175454697701066,2,0,79.24162127182936,0,1,20,0,0
4.738747287059537,1,0,89.08377195016791,1,1,13,0,0
1.201011728995047,1,0,86.7972495133105,0,2,15,0,0
6.30976504849573,0,0,76.04888966532164,0,0,12,1,0
8.895892243176313,0,0,83.47456663754161,0,1,6,0,0
2.9806964951970025,0,0,64.73162462344577,0,1,12,1,0
3.0079769983887354,0,0,91.02391837223122,0,2,13,0,0
9.305263668789252,1,0,78.67788207110615,0,1,19,1,0
3.6505947453903174,0,0,73.0470210711576,0,1,20,0,0
1.8432200214559926,0,0,95.57295596196069,0,1,17,0,0
4.467583377603716,0,0,94.72607786119018,0,2,13,0,0
3.64516078270558,0,0,65.12036201691433,0,1,20,1,0
1.1698699483264794,1,0,98.47443411721262,0,2,15,0,0
9.507907492679628,0,0,97.90426228021155,1,1,20,0,0
17.843907345130557,3,1,28.26373577910017,1,0,11,1,1
1.409039884270567,1,0,90.78486259222403,0,0,15,0,0
2.353033066758718,0,0,79.10793965799667,1,2,16,0,0
9.075263360687675,0,0,82.95938508735605,1,0,18,0,0
3.8850082665164956,0,0,68.07659278003368,0,0,6,1,0
7.577919115708319,0,0,80.99118950827173,0,1,16,1,0
3.0022163328239806,1,0,80.52203862755242,0,1,7,1,0
6.076067884707863,0,0,65.01743077736438,0,2,18,1,0
8.047758625808353,0,0,72.07548205041788,0,2,11,0,0
3.7068329978512216,1,0,75.34565562081654,0,1,8,0,0
2.576104544991072,0,0,62.22249655658135,0,1,12,0,0
5.15925380405944,0,0,79.59762297407929,0,2,20,1,0
15.283358393863619,3,1,37.1042819499855,1,2,12,1,1
1.6784391268939067,0,0,65.0868525371886,0,1,13,0,0
5.083304002845358,1,0,91.76640531828885,0,1,19,0,0
2.659187651214457,0,0,64.18724879393008,0,2,20,1,0
1.413599483654977,1,0,93.12811750203018,0,1,8,1,0
4.632160313116381,0,0,65.66463931929808,0,2,21,0,0
6.369823577339647,0,0,67.14166295295419,0,1,12,0,0
2.8095456421049634,0,0,88.69489786733965,0,1,16,1,0
4.19285391767676,0,0,70.92758525453439,0,2,20,0,0
1.2845283917364212,1,0,91.48655697558303,1,0,20,1,0
4.212068296832005,1,0,83.39359711725098,0,1,8,0,0
1.2104935499992275,0,0,66.11448147316175,0,0,7,0,0
1.395996932470446,0,0,80.78095887118964,0,1,13,0,0
2.0774323339935115,0,0,60.034858287963345,0,1,11,0,0
9.342679589921877,0,0,80.99316568841579,0,1,13,0,0
2.621244014307157,1,0,62.430290062728446,0,0,20,0,0
15.789152525437032,4,1,28.892046616352292,0,1,2,1,1
3.3987998865582654,0,0,94.19951946523953,0,2,18,0,0
7.202049776395498,0,0,81.81232046202169,0,1,18,1,0
27.86800030537559,3,1,46.795489644088576,0,2,0,1,1
1.4395721475041996,0,0,78.57851729266396,0,1,10,0,0
9.906486989040737,0,0,62.2503076869272,0,0,16,0,0
9.319672274789522,0,0,71.96159863335778,0,1,9,0,0
9.70395241404781,0,0,73.33181771344934,0,0,17,0,0
2.4852480830983894,1,0,96.68790308524336,1,1,12,1,0
17.63398870015141,4,1,24.35617604921428,0,2,13,0,1
1.0416131185521154,0,0,87.549773965588,0,1,8,0,0
9.520147002002913,0,0,81.13404295023032,0,2,15,0,0
26.610841512180798,4,1,25.938522879148557,0,1,2,0,1
4.1193549790914545,0,0,85.66072251184704,0,2,14,1,0
3.0183236697332694,0,0,91.2069685057524,1,2,13,0,0
5.785749202901677,0,0,72.78234082509248,0,1,10,0,0
4.0779325121334296,0,0,60.16590640204256,0,2,13,1,0
18.64854664814035,4,1,34.6802887874689,1,0,13,1,1
3.564060829090721,0,0,97.02922644268162,1,1,7,0,0
23.41333095730683,4,1,49.66064304111072,1,1,17,0,1
6.482072873959011,0,0,98.31575380955869,1,2,21,0,0
3.212952455676743,0,0,90.91237938506043,0,2,21,0,0
9.148779542611528,1,0,67.0387745667675,0,2,11,0,0
3.745830963358092,1,0,82.30877636596529,0,0,6,0,0
3.8492676785143414,0,0,81.51093343287803,0,0,16,1,0
5.7574189177845225,0,0,62.07468032020317,0,1,19,0,0
9.317187971970787,0,0,78.33990227707169,1,0,16,1,0
2.120632142835609,2,0,66.98252392631309,1,1,17,0,0
1.0050271459312388,0,0,70.16132489300091,0,2,21,0,0
9.799628673836605,0,0,82.71697785138855,0,2,20,1,0
9.468278903561792,0,0,69.06094632727752,0,0,18,0,0
4.51695535274535,0,0,60.06087153092818,0,1,12,0,0
5.744696311242935,1,0,94.39585568510337,0,1,13,0,0
4.935138457179983,0,0,90.17334617513735,0,1,19,0,0
4.082538371572607,0,0,76.2416972970877,1,2,12,0,0
4.762312389304645,0,0,82.22978677281014,0,0,19,1,0
22.53463582466336,4,1,39.26294577432518,0,2,3,1,1
9.288801464092746,2,0,86.64415600253915,0,1,10,0,0
3.824612854076334,0,0,85.37707848108386,0,2,15,0,0
3.60851873695846,1,0,60.063763762691224,0,2,16,0,0
4.178066207157081,0,0,67.29251383354558,0,1,21,0,0
2.7822622318482093,0,0,97.88423604658131,1,1,20,0,0
8.740200935208533,1,0,72.97643061260116,0,0,7,0,0
5.305048628610008,0,0,97.9624316818603,0,1,9,0,0
2.739936848347528,0,0,85.60487225324029,0,1,21,0,0
9.562930379996173,2,0,86.36491257117555,0,0,19,1,0
9.901636171294953,0,0,61.84815249643084,1,2,8,0,0
5.567294364562306,0,0,82.12781764052806,0,1,15,0,0
3.152459814033926,0,0,88.87921912948718,0,2,18,0,0
8.096361015841104,0,0,71.73661645545263,0,1,15,0,0
8.651139393311787,1,0,94.00962424551616,0,1,13,0,0
3.1771689114210693,1,0,70.19928482709847,1,1,11,0,0
8.823288254471748,1,0,83.46549079977731,0,2,15,0,0
9.950468870410843,0,0,61.23019860741809,0,0,10,0,0
9.935641630822671,0,0,75.9112301329051,1,1,9,1,0
18.59002533855303,4,1,39.21958730861613,0,2,7,0,1
20.16207153382591,4,1,38.0055521362548,1,0,14,1,1
18.063424747980044,4,1,33.75618001775912,0,2,19,1,1
3.243919674246791,0,0,84.43189649082804,0,1,11,0,0
2.88943563628594,0,0,90.41816261433297,0,1,7,0,0
3.6933891655316886,0,0,79.13551964113286,1,0,13,0,0
2.7932982755006366,1,0,86.43265502059732,0,1,19,0,0
1.3841602378760915,0,0,71.39729176864817,0,0,9,0,0
6.424862029648573,0,0,73.7655436034481,0,0,11,0,0
6.673078713246875,0,0,87.87100051077779,0,1,14,1,0
2.5204139676926367,0,0,73.78214250936418,0,1,10,0,0
8.85559080393526,0,0,73.398416022314,0,1,7,0,0
2.229809946666141,0,0,80.81822469648102,0,0,13,0,0
5.780700764616679,0,0,96.78323395733867,0,0,13,0,0
9.034587152437519,0,0,71.07397467237593,0,1,12,0,0
4.180009484660742,1,0,69.35394087690253,0,0,12,0,0
2.3318954335372815,0,0,73.60072964454733,0,2,9,0,0
1.1452811176015647,2,0,94.57974239609615,1,1,6,1,0
28.1523540526703,4,1,31.261178363700104,1,1,23,1,1
7.163857195813788,0,0,76.11842511432103,0,0,6,1,0
9.321262721008338,1,0,70.80475462031573,0,1,6,1,0
27.665524411509907,3,1,38.64182725494267,1,1,21,0,1
25.61366165991284,3,1,25.20948720421168,1,1,14,0,1
7.728728016308224,0,0,98.92742201243058,0,1,13,0,0
9.326078800418335,0,0,61.28717153530178,0,1,7,0,0
5.172032652631312,0,0,89.2729154365654,0,1,10,0,0
17.00519963427228,3,1,47.45834670678498,0,0,20,1,1
7.652738942047995,0,0,96.52812386895303,0,1,21,0,0
2.3483206488329653,0,0,79.16601125973108,0,1,7,0,0
7.6945949850804265,0,0,82.32625798417986,0,0,12,1,0
4.452599962360532,1,0,60.76620533799528,0,1,14,0,0
26.748927563547348,3,1,29.96402529606133,1,2,14,1,1
6.003229774075084,0,0,68.213402816684,1,1,16,0,0
29.961248555164474,4,1,27.425998764318464,1,2,8,1,1
5.8648055671276484,1,0,83.70889137495224,0,2,10,0,0
4.699019047627569,1,0,97.1205242230163,1,0,9,1,0
9.987559978062098,0,0,62.39590474922033,0,0,13,0,0
6.540884119587801,0,0,86.57622150300642,0,0,21,1,0
5.61857903698705,2,0,68.66436426297311,1,1,7,1,0
17.116566925648048,3,1,42.959006973917326,0,1,3,0,1
9.802354731348721,0,0,85.67646975254635,0,2,21,1,0
8.94678952967437,1,0,63.84636943670762,1,2,10,1,0
4.5388601564522,0,0,60.5470393275085,0,0,8,1,0
9.89762488017554,0,0,86.30683138404379,1,0,21,0,0
29.32400551522447,3,1,47.00974421991344,1,1,2,1,1
9.866028773874838,0,0,83.48939040218526,0,1,11,0,0
7.467569399565892,1,0,62.82680817395815,0,1,16,0,0
6.210942695757193,0,0,96.3091439237955,0,0,19,0,0
8.417761140416516,0,0,74.81569340112397,0,1,14,0,0
6.5052445948038224,2,0,97.5375724097992,1,2,18,0,0
24.85265929579412,4,1,27.168605546508033,1,2,1,0,1
2.606596572845998,0,0,87.08234505227176,1,1,15,0,0
18.193916876752702,3,1,23.107436265239937,0,0,13,1,1
7.003646356248307,0,0,77.63280940853936,0,2,8,0,0
2.4499087276998592,0,0,72.01992143282366,0,2,17,0,0
2.5248835097320477,0,0,74.1433168439547,1,1,17,0,0
6.852546017846702,1,0,76.89407172630341,0,0,9,1,0
5.728485662866051,1,0,83.48251845523198,1,0,20,0,0
1.2651791919619682,0,0,62.013368172398295,0,0,6,0,0
9.841453950993035,0,0,63.70844894390259,0,1,19,0,0
1.2414193339406971,1,0,89.99631056139737,0,2,11,0,0
4.864955118964543,0,0,94.40586483038805,0,2,6,0,0
19.77880516724605,4,1,43.92540071436093,0,2,1,1,1
4.766068591798929,0,0,60.550980006995765,0,1,12,0,0
16.553312647360755,4,1,44.4210672203135,0,2,23,1,1
2.8753231030688804,1,0,95.32906726782983,0,1,12,0,0
8.44274865460513,0,0,79.93078113701013,0,0,21,0,0
3.5660352704300595,1,0,76.83666165603591,0,2,19,0,0
7.447124431712921,0,0,71.82344505275117,0,1,10,1,0
3.737604934035353,2,0,67.31059571118796,1,0,12,0,0
6.72073475217009,2,0,71.88487266671301,0,1,21,0,0
2.1692526748518244,0,0,70.17697849913397,1,1,7,1,0
8.80327131253648,0,0,94.19364740361802,1,1,6,0,0
5.711020537991539,2,0,63.34043939228807,0,0,10,1,0
7.881296853081175,0,0,78.61225857006116,1,0,10,0,0
3.1464131665233923,0,0,72.24899407716987,0,0,17,1,0
19.208779512229434,4,1,22.816397430517277,1,1,21,1,1
8.400861761803018,0,0,82.4425813798819,1,1,12,0,0
2.7176080157504385,0,0,62.75360336158675,0,1,17,0,0
2.691299089234534,0,0,67.16239914641649,0,2,19,1,0
5.156888356425002,0,0,84.38489037337082,0,0,17,0,0
9.981019722675775,0,0,71.93553009878958,0,1,20,1,0
5.041834466877586,0,0,91.96204374465609,0,0,19,0,0
29.79686184625902,4,1,43.10458388613043,1,1,16,0,1
4.566411692472387,1,0,85.45642155974612,0,0,19,0,0
9.599555635881218,2,0,92.05270315465384,0,1,10,0,0
18.98736793162037,4,1,28.28840604225468,1,2,16,1,1
4.221216726318174,0,0,60.04283238692888,1,1,9,0,0
18.519291592214504,3,1,41.742315292889046,1,2,10,1,1
3.224597898513909,0,0,71.69784545609534,0,0,21,1,0
4.800895493172957,0,0,64.43221941867938,0,2,16,0,0
9.150983457157558,0,0,62.45317684088865,0,2,12,0,0
9.692339974175017,0,0,60.88446050852862,0,0,9,1,0
8.437295372635145,0,0,89.90837458727091,0,1,10,0,0
2.8135111783288895,0,0,93.07413095733844,0,1,20,1,0
2.2788734482110145,0,0,79.48413390481835,0,1,7,1,0
3.3584154465914144,0,0,80.66953677334125,0,1,18,1,0
16.01943668203941,3,1,38.04948043346266,1,1,3,1,1
8.783882014310471,0,0,77.75014745934715,0,2,12,0,0
4.79080297041148,2,0,60.730610587975605,0,1,11,0,0
1.925722036665186,1,0,86.10298782982385,0,2,6,0,0
9.735244240755755,0,0,61.09203750917932,0,0,19,0,0
9.862944467472124,2,0,78.2693933459938,0,1,18,1,0
2.174875361276154,2,0,72.98501502169947,0,2,14,0,0
8.775077843778334,0,0,69.25727947098864,0,1,7,0,0
16.95531726900596,4,1,39.27882278681275,1,0,22,1,1
9.868610350206316,2,0,73.32105894214972,0,2,9,0,0
7.9687811291032755,0,0,83.22884371117507,0,1,8,0,0
5.327088547523676,0,0,86.74344654143765,0,1,17,0,0
20.499292002072064,4,1,23.51331095428328,1,1,16,1,1
4.776694323919823,0,0,64.35126084120867,0,2,14,0,0
1.8743163264917089,0,0,72.22052017357052,0,2,6,0,0
5.4959956178357885,0,0,68.5446387664272,0,1,21,1,0
6.273533880689634,0,0,88.06282484807817,1,2,15,0,0
2.4030007628739387,0,0,63.25819603042069,0,0,20,0,0
3.946016419282461,0,0,97.82419874924906,0,0,21,0,0
4.034227181470751,1,0,78.19283992506165,0,1,20,1,0
3.315911494695963,2,0,71.38135088468533,0,1,6,0,0
7.524001032098335,0,0,86.79688054218512,0,0,6,0,0
1.4687205714492322,0,0,67.74233882140045,0,1,10,1,0
21.477193589717885,3,1,39.175862897514264,1,2,14,0,1
6.085034214773401,0,0,96.6830539924462,1,1,17,1,0
2.070581873910283,1,0,81.04251201936258,0,0,21,1,0
7.850640786443849,0,0,90.86093362813848,1,0,6,0,0
6.247835408221821,2,0,75.4389578792325,1,1,11,1,0
5.086533142713124,0,0,80.7662078458115,0,1,17,1,0
7.886937853064011,0,0,66.31371396057129,0,2,9,0,0
6.041939447970898,0,0,68.10192034531146,0,0,18,0,0
8.47354552709249,0,0,63.22875487482613,1,1,20,0,0
21.48536185436205,3,1,46.57813109996485,1,0,23,0,1
3.3803719603166367,2,0,96.44660924204942,0,0,18,0,0
6.097763625532857,2,0,78.85021400206347,0,1,15,1,0
2.465655390798667,0,0,72.73247555744885,0,1,8,0,0
8.323739214891484,0,0,98.26264197768896,0,2,6,1,0
7.474342397893175,0,0,90.5745819082896,1,1,14,1,0
7.5152866809402115,1,0,90.83850865811894,1,1,10,1,0
3.8303045984558786,2,0,60.21999247977093,0,0,14,1,0
1.2539170971668478,0,0,73.50177721352497,0,1,7,1,0
27.91278984277444,3,1,48.475763752679576,0,1,3,1,1
6.234128842262017,0,0,97.44793948328481,0,0,16,0,0
3.109913853019362,0,0,93.74405604496589,0,0,6,1,0
4.536689186115876,0,0,99.65269052367574,1,2,11,0,0
4.641516007773669,1,0,65.1330307538976,0,0,21,0,0
1.864509215721641,0,0,95.05521326057878,1,0,11,1,0
5.962085771423743,1,0,74.3968666885626,0,1,16,0,0
3.636825586259933,0,0,69.54679805588641,0,1,21,0,0
1.013871905774673,2,0,84.47768900969108,1,2,13,1,0
4.846539197157377,0,0,61.26960693485352,0,0,9,1,0
23.40207478126981,4,1,44.31596919779676,0,0,20,0,1
20.59153860763827,3,1,47.793550589700885,1,2,7,0,1
9.829365814354517,0,0,94.72486974674821,0,1,20,0,0
9.563383570581315,0,0,95.98197686975725,1,1,11,0,0
4.854928120242484,0,0,62.01086007470827,0,1,6,0,0
3.0286968676252313,0,0,70.76923680509938,0,2,11,0,0
29.8637884260904,4,1,28.552025087802896,1,0,23,0,1
9.123922319746068,2,0,82.31244452934314,1,1,21,1,0
2.073996974948948,1,0,74.1412789088765,1,2,7,1,0
27.107840678860104,3,1,20.161995735472644,1,2,22,1,1
9.232436963978904,0,0,78.8535479107662,1,0,15,0,0
7.503936605473847,0,0,69.76470796007466,1,1,8,0,0
5.6939132211853964,0,0,84.97118804162255,0,1,18,1,0
25.5437027763737,3,1,23.387284829276094,0,2,20,1,1
7.689385858010386,0,0,99.23148812124427,0,1,14,0,0
22.579952745817234,3,1,30.36770518654174,0,2,10,1,1
2.961594440432382,2,0,61.52031095043776,1,1,12,0,0
8.285584754684855,0,0,63.10867626979268,1,0,10,1,0
5.794836342459303,0,0,80.56693897215965,0,2,8,0,0
5.734396783209791,1,0,92.78752009202174,1,1,16,0,0
2.0758447730295493,0,0,66.17862792076221,0,1,7,0,0
1.2996257862885479,0,0,65.76817551807373,0,0,17,0,0
8.85345347094497,0,0,64.84224913187498,0,1,16,1,0
5.275461068089135,0,0,88.41283039817615,0,2,19,0,0
5.792926871512501,0,0,92.10273968882494,0,2,6,1,0
25.53812715636955,3,1,22.215581429873726,0,1,6,0,1
6.7098994703015515,0,0,84.37227956270505,0,0,6,0,0
3.5555167456409267,0,0,63.06251791351023,0,0,8,0,0
7.309743767666138,2,0,78.93456223315734,1,0,15,1,0
28.427636314083244,4,1,24.837630057609832,0,1,12,0,1
16.81794677521009,3,1,36.58503126968321,0,1,21,1,1
17.031079429117774,3,1,41.77517447437258,1,1,15,0,1
3.1215309588415057,0,0,87.67231759338823,0,1,18,0,0
9.970907912823767,0,0,72.01445374729384,0,1,16,1,0
1.0520235701076566,0,0,87.75281556256729,0,1,13,0,0
16.82715933651253,3,1,49.290592591129816,1,2,17,1,1
3.1769666948922435,0,0,78.84532887135495,0,1,18,0,0
2.0462552578319007,0,0,78.25059653808181,0,1,20,0,0
1.4280565904607587,1,0,73.6043526395311,0,2,15,1,0
1.07983070276547,0,0,75.0170963285799,0,0,8,1,0
6.43231957303539,0,0,71.7013320288353,0,2,7,1,0
4.325379754850406,1,0,93.4091351624518,0,1,18,0,0
5.853230728907473,0,0,71.12809994928678,0,2,13,0,0
5.598482202639277,0,0,87.29491860397124,0,0,21,0,0
4.499643312546874,0,0,98.87318821334412,0,1,13,0,0
16.771033960092257,4,1,31.402412272095386,0,1,9,1,1
9.948204858303063,0,0,79.63760526039718,0,1,15,0,0
9.765913175196935,0,0,70.30144006399428,1,1,15,0,0
2.580703823953241,0,0,74.39285007922948,0,2,11,0,0
3.068802558381808,0,0,93.39194183554359,1,1,20,0,0
9.682863722733964,0,0,78.6825362603429,0,1,12,1,0
5.32901610077943,0,0,71.20944079511193,0,1,14,1,0
8.219307629273068,0,0,62.09900301139128,0,1,11,0,0
1.839011170654764,1,0,82.66965585992628,0,2,14,0,0
4.758817241119985,0,0,72.62489447981578,0,1,13,1,0
9.722689456901694,0,0,92.31553004547911,0,1,20,0,0
2.8468078065883784,0,0,69.20264831165194,0,1,18,0,0
6.165850365762411,0,0,70.63370640565044,1,1,12,0,0
9.006939011524139,0,0,81.95409729263633,1,1,14,0,0
3.6397813929915666,0,0,73.36962255993294,0,0,11,1,0
6.250149279099624,0,0,82.01679889882999,1,1,16,0,0
2.0475580609724617,0,0,61.13258593129795,1,0,19,1,0
24.78904072087461,3,1,24.851140626376854,1,1,2,1,1
2.278478371478071,0,0,90.45529631416429,0,1,9,1,0
6.699187933151907,0,0,60.05313047201675,1,1,7,0,0
20.116610421334013,4,1,49.83948484896895,0,0,21,1,1
6.209038561179398,2,0,64.88895398867385,0,1,8,0,0
27.41454569464244,4,1,41.577440161889534,1,0,2,0,1
9.46279499750895,0,0,76.24933668283745,0,2,13,0,0
17.53615286186951,3,1,30.485011344707175,0,1,22,0,1
7.4141014198991115,1,0,86.03379429762683,1,0,20,0,0
6.032999167165073,0,0,62.743675080625614,0,1,7,0,0
3.366172701085118,1,0,72.11439441623361,0,1,18,0,0
2.4011478816980825,0,0,79.88688362048762,0,1,18,1,0
9.255672473004392,1,0,76.56090558859464,0,1,14,0,0
4.7507667106360705,0,0,71.38654515877597,0,0,12,0,0
5.175549029445712,2,0,66.63961019089767,0,1,17,0,0
5.608133517160474,2,0,72.58985803860269,0,1,16,1,0
6.850239463326797,1,0,63.456111987407596,1,1,18,0,0
5.023002891178656,0,0,94.75194400724422,0,0,21,1,0
1.0838164559356895,0,0,63.20359356300874,0,1,19,0,0
9.496557447855542,2,0,81.1030583901623,0,0,15,0,0
3.739884775372873,1,0,90.61663690811353,0,0,10,0,0
8.958188513234232,2,0,68.78310629481975,1,0,11,0,0
3.758294934763528,0,0,75.12031822232278,0,0,10,0,0
5.877063147637337,0,0,84.24462659658073,1,0,6,1,0
27.240236395138655,3,1,26.072718872883286,0,1,5,1,1
6.267099294344783,0,0,75.60732304761109,1,2,21,0,0
29.225614126746628,3,1,47.643212896624206,0,1,11,1,1
9.127769067051581,0,0,92.27776703886813,1,2,12,0,0
9.091614000764515,0,0,62.41078225187997,0,0,11,0,0
7.204093154894812,0,0,96.21969339618497,0,1,14,0,0
8.851359953651091,0,0,94.02993981427237,1,1,15,1,0
27.166368765189738,4,1,41.066901007998915,0,0,3,1,1
23.02758287000637,4,1,39.220982530978375,0,1,3,1,1
1.1860650745468866,0,0,86.03255025903616,0,0,18,1,0
9.931283912222323,0,0,96.42170051446936,0,0,17,0,0
6.586291586803281,0,0,64.10762964386474,0,1,20,0,0
8.754942960847567,0,0,89.47812667896443,0,2,6,1,0
27.773115997674466,4,1,31.127190851987102,0,1,20,1,1
9.111914913923515,0,0,68.8142201985856,0,1,13,0,0
25.28806376897441,3,1,26.63675214258454,1,2,0,0,1
6.196176943871196,0,0,67.2089713776419,1,1,7,0,0
4.860692007051071,2,0,65.37379687100992,0,1,16,0,0
4.96862505609644,1,0,90.4730134180314,0,1,11,0,0
3.6653344881172387,0,0,81.4876884991945,0,1,16,0,0
3.8887926622079174,1,0,96.7564717966529,0,0,7,0,0
5.165110162963553,0,0,70.71052787689099,0,1,12,1,0
3.992884739316132,0,0,85.5562646220683,0,1,21,0,0
27.522416117000496,4,1,37.26854870107785,0,0,11,1,1
9.612132429691153,2,0,69.61331104866335,0,1,7,0,0
9.281946049302547,0,0,70.7572947262108,0,0,6,1,0
8.087711659576367,0,0,90.11006287970505,0,1,19,0,0
2.126863836554789,0,0,71.22106469667055,0,1,18,1,0
5.728919966400213,1,0,78.7930641621051,1,1,17,0,0
1.9409946773815965,0,0,62.437735117050394,0,0,19,0,0
7.029541027905469,0,0,64.77542546951511,0,1,7,0,0
8.272724410873797,0,0,98.19531933910591,0,0,16,0,0
25.74826064236253,4,1,24.617303412750616,0,0,10,1,1
20.333220862509865,4,1,28.41179148812921,1,2,0,1,1
7.751995095782808,0,0,77.06296104807701,1,0,8,0,0
3.479839754009645,0,0,92.88339418039152,0,1,6,0,0
5.946623063616045,1,0,64.46828871218247,1,1,19,0,0
4.82229545881526,1,0,77.93550262591476,0,1,17,0,0
2.9382231242208867,1,0,66.66920228832764,0,1,21,1,0
9.275988270663154,0,0,95.32392781063972,0,0,9,0,0
28.454576181205653,4,1,44.430890116923315,1,1,15,1,1
1.0838657853344393,0,0,72.92343731546738,0,1,11,1,0
3.3146278544698644,0,0,81.04491867693457,0,2,7,0,0
4.249417256573558,0,0,60.69454412745837,0,2,13,0,0
2.475886841389151,0,0,71.75129550629309,0,0,16,0,0
6.486117136581878,0,0,65.18942158554945,0,1,18,0,0
8.90923968951915,0,0,64.11264798029676,0,1,16,0,0
9.847617832401586,0,0,85.06181939339046,0,1,7,0,0
6.679506085906077,0,0,68.7628978370918,0,1,19,1,0
18.62031948874748,3,1,20.605507830290716,1,2,8,0,1
4.445774722134918,0,0,64.87513826702732,0,1,13,0,0
5.3790369163466,0,0,91.01435809806485,0,1,20,1,0
1.500834323878554,0,0,99.0670803787986,1,1,6,1,0
9.404627238355987,2,0,76.96245261407938,0,1,7,1,0
2.7853538704946734,0,0,87.84340749963548,0,0,17,0,0
6.827048443830232,1,0,93.56456049692153,0,1,9,1,0
19.875138127126068,4,1,40.79644373836007,0,2,12,0,1
15.23330150796021,4,1,25.31366837198795,0,2,17,0,1
27.17118664215603,3,1,32.59869220435391,1,0,21,1,1
1.7683830490844008,0,0,79.15873401698346,0,2,13,0,0
5.167678083354219,0,0,98.07323056582739,0,1,17,1,0
6.488225513874921,1,0,70.79566265313917,0,1,19,1,0
9.559562008657869,0,0,64.94376121947238,0,0,10,0,0
7.332961277924874,0,0,97.91964295490914,0,1,14,1,0
2.52419216014002,0,0,74.25378010814208,0,2,6,1,0
6.827531901100459,0,0,88.89377191248812,0,1,18,1,0
21.1322036610275,4,1,22.821796841749432,0,0,1,1,1
8.857681716944864,1,0,93.29171636938695,0,1,11,1,0
5.320708142306064,1,0,74.62498892316408,0,0,21,0,0
6.762636572816912,0,0,73.53078996481099,1,1,16,1,0
6.059448948629783,0,0,80.31746873652071,0,1,16,0,0
2.5895842409747902,0,0,60.04490269436643,0,1,13,1,0
19.985275643369867,4,1,24.4931643289598,1,0,16,1,1
1.0466273194242444,0,0,62.71940792476829,1,1,7,0,0
5.471275562420304,0,0,82.78209779365922,1,1,12,0,0
29.064049183066317,3,1,30.35165002708336,1,2,0,0,1
6.949169843174407,1,0,91.62933931289656,0,2,13,0,0
1.6215539131507395,0,0,88.43072928938133,0,1,9,0,0
22.7778114545572,3,1,37.14810127727358,1,1,11,1,1
2.371094650845355,0,0,76.65680758713776,0,0,14,0,0
9.221450473290043,0,0,91.11634575756838,0,0,20,0,0
2.6782704932070707,0,0,95.67051544123973,1,0,19,0,0
6.053409972733916,0,0,66.47476103939165,1,1,16,0,0
1.5191435175952528,1,0,99.51775803105947,0,0,7,0,0
4.875340141466871,1,0,87.20376299819841,0,1,15,0,0
6.364164926637841,0,0,63.176390013325836,0,0,15,0,0
8.077299856872171,0,0,66.9647722875485,0,0,7,0,0
6.269008127522691,0,0,62.75371644684975,0,1,6,0,0
17.31958143961707,3,1,48.6762673261799,1,2,12,1,1
20.224694731679655,4,1,45.319082925291255,0,2,16,1,1
1.959639044442247,0,0,84.1107605609246,0,1,10,0,0
3.468422461789996,1,0,62.587194337827206,0,1,13,0,0
4.812887593737239,1,0,88.5233966156874,0,1,20,0,0
5.577796461626723,0,0,96.55184022299663,0,2,20,1,0
8.262638706745776,0,0,80.98696175770486,0,0,6,1,0
5.13959342292255,0,0,72.7716192633824,0,0,10,0,0
7.103629207270558,0,0,73.68603375231851,0,1,13,0,0
8.808567444120428,2,0,97.30886150008472,0,1,10,0,0
6.702934207376393,0,0,64.04081559424483,0,0,16,0,0
7.497844723730618,0,0,98.04561718739629,0,0,7,0,0
1.1535372346719301,0,0,79.20500976455394,1,0,6,1,0
3.4532713436768647,0,0,63.36264017462086,0,0,16,0,0
5.179932814429447,0,0,88.47227835531329,1,0,20,0,0
6.360883105230087,2,0,82.01148703005602,0,1,9,0,0
5.496021924943604,1,0,74.07894824514992,0,0,13,0,0
18.52234256229069,3,1,22.949648363762716,1,0,10,1,1
2.7340551419767887,0,0,67.82597357412125,0,0,9,0,0
9.286182783815583,1,0,77.0032323994165,0,0,13,1,0
3.521342512743629,0,0,77.40513168354018,0,1,10,0,0
2.010252330671226,1,0,96.63668390651921,0,1,21,0,0
3.4139600319737267,1,0,87.08870353217472,0,0,10,0,0
2.7357588552424597,0,0,93.50414308581976,0,2,16,1,0
9.10496979352109,0,0,73.68561131141489,0,1,6,1,0
5.799993421924085,1,0,62.69642572510761,0,1,16,0,0
3.2222009592619454,0,0,79.25969067128025,0,1,15,0,0
29.8796119507118,3,1,39.280457622236185,1,2,10,1,1
5.16510827126246,0,0,61.54761164819594,0,1,16,0,0
5.501808463838443,2,0,89.81279555824705,0,2,10,1,0
9.625213131438619,0,0,99.97746524941951,0,2,17,0,0
4.040988937095522,0,0,64.38594748237658,0,1,18,0,0
7.477761809209752,1,0,84.27327123939232,0,2,9,1,0
9.390255474139877,2,0,83.61019297107384,0,1,19,0,0
8.163526139905377,0,0,87.35629827469143,0,1,10,0,0
6.727732504791776,0,0,82.77749630844264,0,1,20,1,0
7.7577859430326495,0,0,89.44548579437081,0,1,18,0,0
3.4024721986262576,0,0,80.5290765629381,0,1,21,1,0
17.02625604082899,3,1,48.05362265419116,0,0,11,1,1
6.960910612634007,1,0,70.84144831889331,0,0,7,1,0
1.462648334514312,0,0,67.97197107866278,0,1,11,1,0
9.188309836894978,0,0,99.99988744578852,0,2,12,0,0
17.251813129498714,4,1,34.124595650914124,0,2,9,1,1
4.145625408410167,1,0,90.92760244615695,0,0,21,0,0
4.281569266128782,0,0,97.79908194471167,0,2,14,0,0
17.341851767006855,4,1,29.122839043045012,0,1,20,1,1
3.6955227873079366,0,0,71.7330541748733,0,1,17,1,0
9.997729448138283,1,0,65.74610338774653,0,1,20,0,0
